model,MAE,RMSE,R2
VIB,0.8022813857060473,1.006624078308391,0.6606817632827404
IRM,1.3719411956044283,1.7281363856576855,-6.58588836965901e-05
IIB-style,0.8024209510695653,1.0065260506605707,0.6607478474341676
PureDNN,0.80757582713366,1.013420612366202,0.6560842705879788
