model,MAE,RMSE,R2
tgt_Parent-VIB,0.821925269722639,1.0244029142765387,0.8235954361153777
tgt_MB-VIB,0.821925269722639,1.0244029142765387,0.8235954361153777
tgt_Global-VIB,7.9556469150327835,10.02519534088849,-15.894832618780494
