model,MAE,RMSE,R2
VIB,1.650611186681573,1.8434770101453455,0.9960682567487081
IRM,70.10268714571214,75.8964088516942,-5.6642633766648105
IIB-style,1.819843941480035,2.009856865799434,0.995326524635992
PureDNN,1.7610361442456222,2.0464403825396915,0.9951548425732959
