model,MAE,RMSE,R2
Parent-IB,5.975493471102862,6.276046511506583,0.9544296876777766
MB-IB,1.1952169316258932,1.3037811403491424,0.9980333861779292
Global-IB,1.2114921460125827,1.3203829360970678,0.9979829832517461
