model,MAE,RMSE,R2
tgt_Parent-VIB,5.974943143644375,6.275522540878812,0.9544372964513497
tgt_MB-VIB,1.0724344154617809,1.1874097516201294,0.9983687860731603
tgt_Global-VIB,1.0861958623800398,1.2013157637093537,0.9983303553506617
