model,MAE,RMSE,R2
Parent-VIB,5.058875709217163,5.513694969957756,0.9648281533685965
MB-VIB,2.3643093212122337,2.5217071995039215,0.9926430294955043
Global-VIB,2.9798524196619405,3.162745564215699,0.9884272063683154
