model,MAE,RMSE,R2,z,beta,val_RMSE,weighted_val
Parent-VIB,5.520719928311767,5.871700043106692,0.9601124445371951,2,0.04,0.9189923763680783,True
MB-VIB,1.8137460530344776,2.0215204159745657,0.995272125261725,3,0.04,0.4379345155788152,True
Global-VIB,2.5287233884806053,2.7200867071355344,0.9914399718211488,4,0.01,0.36112160673573807,True
